Workbook
Name Erste: Daten!$A$1
Name Zahlen: Daten!$A$1:$A$10

Sheet Formeln
A1: =SUM(Daten!A1:A10) -> 55 | C1: {=Daten!A1:A3*10} -> 10 | D1: {=_xlfn.SEQUENCE(3)} -> 1 | E1: =SUM(Daten!A1:A3) -> 6 | F1: ="A1"&Daten!A1 -> A11 | G1: =SUM(Daten!A:A)+Daten!A1+SUM(Daten!$1:1) -> 63 | J1: =SUM(Daten!B$1:B1) -> 2 | K1: =Daten!A1:A2 -> 1 | L1: =LOG10(Daten!A1)+ATAN2(1,Daten!A1) -> 0.78539816
A2: =AVERAGE(Daten!A:A) -> 5.5 | C2: 20 | D2: 2 | E2: =SUM(Daten!A2:A4) -> 9 | F2: ="A1"&Daten!A2 -> A12 | G2: =SUM(Daten!A:A)+Daten!A2+SUM(Daten!$1:2) -> 94 | H2: =Daten!B1+'Mein Blatt'!$A$1+H$1 -> 9 | I2: =Daten!C1+'Mein Blatt'!$A$1+I$1 -> 11 | J2: =SUM(Daten!B$1:B2) -> 6 | K2: =Daten!A2:A3 -> 2 | L2: =LOG10(Daten!A2)+ATAN2(1,Daten!A2) -> 1.4081787
A3: =Daten!$A$1+Daten!A$2+Daten!$A3 -> 6 | C3: 30 | D3: 3 | E3: =SUM(Daten!A3:A5) -> 12 | F3: ="A1"&Daten!A3 -> A13 | G3: =SUM(Daten!A:A)+Daten!A3+SUM(Daten!$1:3) -> 139 | H3: =Daten!B2+'Mein Blatt'!$A$1+H$1 -> 11 | I3: =Daten!C2+'Mein Blatt'!$A$1+I$1 -> 13 | J3: =SUM(Daten!B$1:B3) -> 12 | K3: =Daten!A3:A4 -> 3 | L3: =LOG10(Daten!A3)+ATAN2(1,Daten!A3) -> 1.726167
A4: =IF(A1>50,"groß","klein") -> groß | E4: =SUM(Daten!A4:A6) -> 15 | G4: =SUM(Daten!A:A)+Daten!A4+SUM(Daten!$1:4) -> 198 | H4: =Daten!B3+'Mein Blatt'!$A$1+H$1 -> 13 | I4: =Daten!C3+'Mein Blatt'!$A$1+I$1 -> 15 | J4: =SUM(Daten!B$1:B4) -> 20
A5: =A1>10 -> TRUE | E5: =SUM(Daten!A5:A7) -> 18
A6: =1/0 -> #DIV/0!
A7: =ROUND(PI(),4) -> 3.1416
A8: =_xlfn.CONCAT("a","b") -> ab
A9: =_xlfn.XLOOKUP(3,Daten!A1:A10,Daten!B1:B10) -> 6
A10: =SUM(Daten!1:1) -> 7
A11: =Erste*2 -> 2
A12: =SUM(Zahlen) -> 55
A13: ='Mein Blatt'!A1+1 -> 8
A14: =TEXT(A1,"0.00") -> 055
A15: =-A1^2 -> 3025
A16: =A1&" Punkte" -> 55 Punkte
A17: =COUNTIF(Daten!A1:A10,">5") -> 5
A18: =IFERROR(1/0,"durch null") -> durch null
A19: =SUM(Daten!A1:B3 Daten!B2:C5) -> 10
A20: =SUM((Daten!A1:A2,Daten!A5:A6)) -> 14
A21: =50%*A1 -> 27.5
A22: =TRUE -> TRUE
A23: =#N/A -> #N/A

Sheet Daten
A1: 1 | B1: =A1*2 -> 2 | C1: =A1+$A$1+A$1+$A1 -> 4
A2: 2 | B2: =A2*2 -> 4 | C2: =A2+$A$1+A$1+$A2 -> 6 | D2: =$A2*B$1+ROW() -> 6 | E2: =$A2*C$1+ROW() -> 10 | F2: =$A2*D$1+ROW() -> 2
A3: 3 | B3: =A3*2 -> 6 | C3: =A3+$A$1+A$1+$A3 -> 8 | D3: =$A3*B$1+ROW() -> 9 | E3: =$A3*C$1+ROW() -> 15 | F3: =$A3*D$1+ROW() -> 3
A4: 4 | B4: =A4*2 -> 8 | C4: =A4+$A$1+A$1+$A4 -> 10 | D4: =$A4*B$1+ROW() -> 12 | E4: =$A4*C$1+ROW() -> 20 | F4: =$A4*D$1+ROW() -> 4
A5: 5 | B5: =A5*2 -> 10 | C5: =A5+$A$1+A$1+$A5 -> 12 | D5: =$A5*B$1+ROW() -> 15 | E5: =$A5*C$1+ROW() -> 25 | F5: =$A5*D$1+ROW() -> 5
A6: 6 | B6: =A6*2 -> 12 | C6: =A6+$A$1+A$1+$A6 -> 14 | D6: =$A6*B$1+ROW() -> 18 | E6: =$A6*C$1+ROW() -> 30 | F6: =$A6*D$1+ROW() -> 6
A7: 7 | B7: =A7*2 -> 14 | C7: =A7+$A$1+A$1+$A7 -> 16
A8: 8 | B8: =A8*2 -> 16 | C8: =A8+$A$1+A$1+$A8 -> 18
A9: 9 | B9: =A9*2 -> 18 | C9: =A9+$A$1+A$1+$A9 -> 20
A10: 10 | B10: =A10*2 -> 20 | C10: =A10+$A$1+A$1+$A10 -> 22

Sheet Mein Blatt
A1: 7
